{
  "RMSE": 415486.33922768617,
  "MAE": 223191.90367733387,
  "MAPE (%)": 51.48,
  "R2": 0.7902
}