{
  "RMSE": 1030059.9344252956,
  "MAE": 607635.5614381701,
  "MAPE (%)": 612.25,
  "R2": -0.2893
}