{
  "RMSE": 676741.032658995,
  "MAE": 535680.0792837486,
  "MAPE (%)": 126.71,
  "R2": 0.6844
}